<?xml version="1.0" encoding="UTF-8"?>
<beans:beans xmlns:xsi="http://www.w3.org/2001/XMLSchema-instance"
	xmlns:beans="http://www.springframework.org/schema/beans"
	xmlns:context="http://www.springframework.org/schema/context"
	xmlns:mybatis-spring="http://mybatis.org/schema/mybatis-spring"
	xmlns:mvc="http://www.springframework.org/schema/mvc"
	xmlns:websocket="http://www.springframework.org/schema/websocket"
	xsi:schemaLocation="http://www.springframework.org/schema/websocket http://www.springframework.org/schema/websocket/spring-websocket-4.1.xsd
		http://www.springframework.org/schema/mvc http://www.springframework.org/schema/mvc/spring-mvc.xsd
		http://mybatis.org/schema/mybatis-spring http://mybatis.org/schema/mybatis-spring-1.2.xsd
		http://www.springframework.org/schema/beans http://www.springframework.org/schema/beans/spring-beans.xsd
		http://www.springframework.org/schema/context http://www.springframework.org/schema/context/spring-context.xsd">

	<!-- DispatcherServlet Context: defines this servlet's request-processing 
		infrastructure -->

	<!-- Enables the Spring MVC @Controller programming model -->
	<mvc:annotation-driven />

	<!-- Handles HTTP GET requests for /resources/** by efficiently serving 
		up static resources in the ${webappRoot}/resources directory -->
	<mvc:resources location="/resources/" mapping="/resources/**"/>
	<mvc:resources location="files/" mapping="files/**"/>
<!-- 	<mvc:resources location="/resources/css/" mapping="/css/**"/> -->
<!-- 	<mvc:resources location="/resources/images/" mapping="/images/**"/> -->

	<!-- Resolves views selected for rendering by @Controllers to .jsp resources 
		in the /WEB-INF/views directory -->
	<beans:bean
		class="org.springframework.web.servlet.view.InternalResourceViewResolver">
		<beans:property name="prefix" value="/WEB-INF/views/" />
		<beans:property name="suffix" value=".jsp" />
		<beans:property name="contentType" value="text/html; charset=UTF-8" />
		<beans:property name="order" value="1" />
	</beans:bean>

	<context:component-scan base-package="com.study_project.web" />

	<mybatis-spring:scan base-package="com.study_project.web.mapper" />
	
<!-- 	/**,/* 이거 상관없음 그냥 /기준으로 짜르는듯.. -->
	<mvc:interceptors>
		<mvc:interceptor>
			<mvc:mapping path="/**"/>
			<mvc:exclude-mapping path="/user/login.html"/>
			<mvc:exclude-mapping path="/user/login.do"/>
			<mvc:exclude-mapping path="/resources/**"/>
			<mvc:exclude-mapping path="/files/**"/>
			<mvc:exclude-mapping path="/user/*"/>
			
			<mvc:exclude-mapping path="/beer"/>
<!-- 			<mvc:exclude-mapping path="/soju"/> -->
			<mvc:exclude-mapping path="/soju/soju.html"/>
			<mvc:exclude-mapping path="/echo"/>
			<beans:bean class="com.study_project.web.interceptor.Interceptor"/>
			
		</mvc:interceptor>
	</mvc:interceptors> 
	
<!-- 	<beans:bean id="echoHandler" class="com.study_project.web.util.EchoHandler"> -->
<!-- 	</beans:bean> -->
<!-- 	<websocket:handlers> -->
<!-- 	<websocket:mapping handler="echoHandler" path="/user/echo"/> -->
<!-- 	<websocket:sockjs ></websocket:sockjs> -->
<!-- 	</websocket:handlers> -->
</beans:beans>
