<?xml version="1.0" encoding="UTF-8"?>
<!DOCTYPE mapper PUBLIC "-//mybatis.org//DTD Mapper 3.0//EN" "http://mybatis.org/dtd/mybatis-3-mapper.dtd">

<mapper namespace="sojuSql">

	<!-- 글목록 갯수구하기 -->
	<select id="count" resultType="java.lang.Integer" parameterType="java.util.Map">
		SELECT COUNT(*)
		FROM soju
		WHERE 1 = 1
	</select>
	
	<select id="commentCount" resultType="java.lang.Integer" parameterType="java.lang.Integer">
		SELECT COUNT(*)
		FROM soju_comment
		WHERE soju_idx = #{soju_idx}
	</select>
	<!-- 목록 SELECT -->
	<select id="selectSojuList" resultType="com.study_project.web.soju.model.Soju" parameterType="java.util.Map">
		SELECT 
			idx,
			title,
			price,
			company,
			thumbnail,
			comment_count
		FROM
			soju
		WHERE 
			1 = 1
		<if test="searchCol != null">
			AND ${searchCol} LIKE CONCAT('%',#{searchVal},'%')
		</if>
		ORDER BY idx asc
		LIMIT #{pageSize} OFFSET #{pageNo}
	</select>
	
	<insert id="insertSojuFile" parameterType="com.study_project.web.soju.model.Soju">
		INSERT INTO soju_file
			(
				original_name,
				trans_name,
				file_path,
				file_size,
				soju_idx,
				content_type
			)
			VALUES
			(
				#{original_name},
				#{trans_name},
				#{file_path},
				#{file_size},
				#{idx},
				#{content_type}
			)
	</insert>
	
	<!-- 글쓰기 -->
	<insert id="insertSoju" parameterType="com.study_project.web.soju.model.Soju" useGeneratedKeys="true" keyProperty="idx">
		INSERT INTO soju
			(
				title,
				content,
				price,
				edit_date,
				area,
				thumbnail,
				ad,
				company
			)
		VALUES
			(
				#{title},
				#{content},
				#{price},
				NOW(),
				#{area},
				#{thumbnail},
				#{ad},
				#{company}
			)
	</insert>
	
	<insert id="insertDragSoju" parameterType="com.study_project.web.soju.model.Soju">
		INSERT INTO soju_file
		(
			original_name,
			trans_name,
			file_path,
			file_size,
			soju_idx,
			content_type
		)
		VALUES
		(
			#{original_name},
			#{trans_name},
			#{file_path},
			#{file_size},
			#{soju_idx},
			#{content_type},
		)
	</insert>
	
	<select id="getSojuFileList" parameterType="java.lang.Integer" resultType="com.study_project.web.soju.model.Soju">
		SELECT
			soju_file.idx,
			soju_file.original_name,
			soju_file.trans_name,
			soju_file.file_path,
			soju_file.file_size,
			soju_file.soju_idx,
			soju_file.content_type
		FROM
			soju_file
		LEFT JOIN
			soju
		ON
			soju.idx = soju_file.soju_idx
		WHERE
			soju_file.soju_idx = #{idx}
	</select>
	
	<!-- 상세보기 -->
	<select id="getSoju" resultType="com.study_project.web.soju.model.Soju" parameterType="java.lang.Integer">
		SELECT
			idx,
			title,
			content,
			price,
			create_date,
			edit_date,
			area,
			thumbnail,
			ad,
			comment_count,
			company
		FROM
			soju
		WHERE
			idx = #{idx}
	</select>
	
	<!-- 글수정 -->
	<update id="updateSoju" parameterType="com.study_project.web.soju.model.Soju">
		UPDATE soju
		SET
			title = #{title},
			content = #{content},
			price = #{price},
			edit_date = NOW(),
			area = #{area},
			ad = #{ad},
			company = #{company}
		WHERE
			idx = #{idx}
	</update>
	
	<!-- 글삭제 -->
	<delete id="deleteSoju" parameterType="java.lang.Integer">
		DELETE FROM soju
		WHERE idx = #{idx}
	</delete>
	
	
	
	<!-- 상품평 영역 -->
	<insert id="insertSojuComment" parameterType="com.study_project.web.soju.model.SojuComment">
		INSERT INTO soju_comment (
			contents,
			id,
			edit_date,
			soju_idx
		)
		VALUES (
			#{contents},
			#{id},
			NOW(),
			#{idx}
		)
	</insert>
	
	<!-- 상품평 목록 -->
	<select id="selectSojuCommentList" parameterType="java.lang.Integer" resultType="com.study_project.web.soju.model.SojuComment">
		SELECT
			soju_comment.idx,
			soju_comment.contents,
			soju_comment.id,
			soju_comment.created_date,
			soju_comment.edit_date,
			soju_comment.soju_idx
		FROM
			soju_comment
		LEFT JOIN
			soju
		ON
			soju.idx = soju_comment.soju_idx
		WHERE
			soju_comment.soju_idx = #{idx}
		ORDER BY soju_idx desc
	</select>
	
	<delete id="deleteSojuComment">
		DELETE FROM soju_comment
		WHERE idx = #{idx}
		AND soju_idx = #{soju_idx}
	</delete>
	
	<update id="updateSojuComment" parameterType="com.study_project.web.soju.model.SojuComment">
		UPDATE soju_comment
		SET
			contents = #{contents},
			edit_date = NOW()
		WHERE idx = #{idx}
		AND soju_idx = #{soju_idx}
	</update>
	
	<select id="sojuLikeSelect" resultType="java.lang.String" parameterType="com.study_project.web.soju.model.SojuLike">
		SELECT
			soju_like.status
		FROM
			soju_like
		LEFT JOIN
			soju
		ON
			soju.idx = soju_like.soju_idx
		WHERE
			soju.idx = #{soju_idx}
		AND
			soju_like.user_id = #{user_id}
	</select>
</mapper>