<?xml version="1.0" encoding="UTF-8"?>
<!DOCTYPE mapper
PUBLIC "-//mybatis.org//DTD Mapper 3.0//EN"
"http://mybatis.org/dtd/mybatis-3-mapper.dtd">

<!-- 설계 완전 잘못함 모델,서비스 나눠서 해야댐 그래서 파라미터타입 리절트타입 다 다르게 받았어야 대는데.. -->
<mapper namespace="com.study_project.web.mapper.sqlMap.BeerDao">

	<select id="readBeerList" parameterType="Beer" resultType="Beer">
		SELECT * FROM beer
		<if test="search != null">
		<choose>
		<when test="keyfield=='title'">
		WHERE title
		LIKE
		CONCAT('%',#{search},'%')
		</when>
		<when test="keyfield=='company'">
		WHERE company
		LIKE
		CONCAT('%',#{search},'%')
		</when>
		</choose>
		</if>
		ORDER
		BY edit_date DESC
		LIMIT #{pageNo},5
	</select>
	
	<select id="totalBeerCount" parameterType="Beer" resultType="Integer">
		SELECT count(*) FROM beer
		<if test="search != null">
		<choose>
		<when test="keyfield=='title'">
		WHERE title
		LIKE
		CONCAT('%',#{search},'%')
		</when>
		<when test="keyfield=='company'">
		WHERE company
		LIKE
		CONCAT('%',#{search},'%')
		</when>
		</choose>
		</if>
	</select>

	<select id="readBeerOne" resultType="Beer">
		SELECT *
		FROM beer
		WHERE
		idx=#{idx}
	</select>
	
	<select id="readBeerFiles" resultType="Beer">
<!-- 		SELECT * -->
<!-- 		FROM beer -->
<!-- 		LEFT outer JOIN beer_files -->
<!-- 		ON beer_files.beer_id=beer.idx -->
<!-- 		WHERE -->
<!-- 		beer.idx=#{idx} -->
		SELECT *
		FROM beer_files
		WHERE
		beer_id=#{idx}
	</select>

	<insert id="createBeer" parameterType="Beer" useGeneratedKeys="true"
		keyProperty="idx">
		INSERT INTO
		beer
		(
		title,
		content,
		price,
		edit_date,
		area,
		thumb,
		ad,
		company,
		user_id
		)
		VALUES
		(
		#{title},
		#{content},
		#{price},
		now(),
		#{area},
		#{thumb},
		#{ad},
		#{company},
		#{user_id}
		)
	</insert>
	
	<insert id="createMediaFile" parameterType="Beer" >
		INSERT INTO
		beer_files
		(
		original_name,
		trans_name,
		content_type,
		file_size,
		file_path,
		beer_id
		)
		VALUES
		(
		#{original_name},
		#{trans_name},
		#{content_type},
		#{file_size},
		#{file_path},
		#{beer_id}
		)
	</insert>

	<update id="updateBeer" parameterType="Beer">
		UPDATE beer SET
		title=#{title},
		content=#{content},
		price=#{price},
		edit_date=now(),
		area=#{area},
<!-- 		thumb=#{thumb}, -->
		ad=#{ad},
		comment_count=#{comment_count},
		company=#{company}
		WHERE
		idx=#{idx}
	</update>
	
	<delete id="deleteBeer" parameterType="Beer">
		DELETE FROM beer
		WHERE
		idx=#{idx}
	</delete>
	
<!-- 	<select id="searchBeer" resultType="Beer"> -->
<!-- 		SELECT * FROM beer -->
<!-- 		<if test="search != null"> -->
<!-- 		<choose> -->
<!-- 		<when test="keyfield=='title'"> -->
<!-- 		WHERE title -->
<!-- 		LIKE -->
<!-- 		CONCAT('%',#{search},'%') -->
<!-- 		</when> -->
<!-- 		<when test="keyfield=='company'"> -->
<!-- 		WHERE company -->
<!-- 		LIKE -->
<!-- 		CONCAT('%',#{search},'%') -->
<!-- 		</when> -->
<!-- 		</choose> -->
<!-- 		</if> -->
<!-- 		ORDER -->
<!-- 		BY edit_date DESC -->
<!-- 	</select> -->
</mapper>