<?xml version="1.0" encoding="UTF-8"?>
<beans xmlns="http://www.springframework.org/schema/beans"
	xmlns:xsi="http://www.w3.org/2001/XMLSchema-instance"
	xsi:schemaLocation="http://www.springframework.org/schema/beans http://www.springframework.org/schema/beans/spring-beans.xsd">
	
	<!-- Root Context: defines shared resources visible to all other web components -->
	
<!-- 	mysql dbcp -->
	<bean id="dataSource"
       class="org.apache.commons.dbcp.BasicDataSource" destroy-method="close">
        <property name="driverClassName" value="com.mysql.jdbc.Driver"/>

        <property name="url" value="jdbc:mysql://localhost:3306/project"/>
        <property name="username" value="root"/>
        <property name="password" value="123123"/>

<!--           <property name="url" value="jdbc:mysql://localhost:3306/test"/> -->
<!-- 		 <property name="username" value="root"/> -->
<!--           <property name="password" value="13579"/> -->

        <property name="maxActive" value="100"/>
        <property name="maxWait" value="1000"/>
        <property name="poolPreparedStatements" value="true"/>
        <property name="defaultAutoCommit" value="true"/>
        <property name="validationQuery" value=" SELECT 1 FROM DUAL" />
    </bean>	

	<!-- MyBatis setting -->
	<bean id="sqlSessionFactory" class="org.mybatis.spring.SqlSessionFactoryBean" >
		<property name="dataSource" ref="dataSource" />
		<property name="configLocation" value="classpath:com/study_project/web/mapper/config/mybatis-config.xml"/>
	</bean>
	<bean id="sqlSession"
		class="org.mybatis.spring.SqlSessionTemplate">
		<constructor-arg ref="sqlSessionFactory"/>
	</bean>
	
	<bean id="multipartResolver" class="org.springframework.web.multipart.commons.CommonsMultipartResolver">
			
<!-- 요청을 파싱할 때 사용할 캐릭터 인코딩. 지정하지 않을 경우, HttpServletRequest.setCharacterEncoding() 메서드로 지정한 캐릭터 셋이 사용. 아무 값도 없을 경우 ISO-8859-1을 사용. -->
		<property name="defaultEncoding" value=""/>
		<!-- max upload size in bytes -->
		<property name="maxUploadSize" value="104857600" /> <!-- 20MB -->
	</bean>

</beans>
